

USE HospitalManagement;

-- Insert Departments
INSERT INTO Departments (DepartmentName, HeadOfDepartment, Location, Budget) VALUES
('Cardiology', 'Dr. Ahmed Hassan', 'Building A, Floor 3', 500000.00),
('Pediatrics', 'Dr. Sara Mohammed', 'Building B, Floor 2', 350000.00),
('Orthopedics', 'Dr. Mohammed Ali', 'Building A, Floor 4', 400000.00),
('Neurology', 'Dr. Leila Al-Mansoori', 'Building C, Floor 1', 450000.00),
('Emergency', 'Dr. Fatima Al-Dosari', 'Building A, Ground Floor', 600000.00),
('Surgery', 'Dr. Khalid Ibrahim', 'Building D, Floor 5', 700000.00),
('Psychiatry', 'Dr. Noor Al-Zaabi', 'Building B, Floor 3', 300000.00),
('Radiology', 'Dr. Omar Al-Kaabi', 'Building C, Floor 2', 550000.00);

-- Insert Doctors (20 doctors across departments)
INSERT INTO Doctors (FirstName, LastName, LicenseNumber, Specialization, DepartmentID, Email, Phone, YearsOfExperience, Qualifications, AvailabilityStatus) VALUES
('Ahmed', 'Hassan', 'LIC001', 'Cardiology', 1, 'ahmed.hassan@hospital.com', '050-1234567', 15, 'MD, Board Certified', 'Available'),
('Leila', 'Al-Mansoori', 'LIC002', 'Cardiology', 1, 'leila.mansoori@hospital.com', '050-2345678', 12, 'MD, Fellowship', 'Available'),
('Sara', 'Mohammed', 'LIC003', 'Pediatrics', 2, 'sara.mohammed@hospital.com', '050-3456789', 10, 'MD, Pediatric Specialist', 'Available'),
('Mohammed', 'Ali', 'LIC004', 'Orthopedics', 3, 'mohammed.ali@hospital.com', '050-4567890', 18, 'MD, Surgical Specialist', 'On Leave'),
('Fatima', 'Al-Dosari', 'LIC005', 'Emergency', 5, 'fatima.dosari@hospital.com', '050-5678901', 14, 'MD, Emergency Medicine', 'Available'),
('Khalid', 'Ibrahim', 'LIC006', 'Surgery', 6, 'khalid.ibrahim@hospital.com', '050-6789012', 16, 'MD, General Surgery', 'Available'),
('Noor', 'Al-Zaabi', 'LIC007', 'Psychiatry', 7, 'noor.alzaabi@hospital.com', '050-7890123', 9, 'MD, Psychiatry', 'Available'),
('Omar', 'Al-Kaabi', 'LIC008', 'Radiology', 8, 'omar.kaabi@hospital.com', '050-8901234', 11, 'MD, Diagnostic Imaging', 'Available'),
('Aisha', 'Al-Awais', 'LIC009', 'Neurology', 4, 'aisha.awais@hospital.com', '050-9012345', 13, 'MD, Neurology', 'Available'),
('Hassan', 'Al-Mazrouei', 'LIC010', 'Cardiology', 1, 'hassan.mazrouei@hospital.com', '050-0123456', 8, 'MD, Intern', 'Available'),
('Mariam', 'Al-Mansouri', 'LIC011', 'Pediatrics', 2, 'mariam.mansouri@hospital.com', '050-1111111', 7, 'MD, Pediatric Fellow', 'Available'),
('Jamal', 'Al-Dhaheri', 'LIC012', 'Orthopedics', 3, 'jamal.dhaheri@hospital.com', '050-2222222', 10, 'MD, Orthopedic Specialist', 'Available'),
('Samira', 'Al-Harbi', 'LIC013', 'Surgery', 6, 'samira.harbi@hospital.com', '050-3333333', 12, 'MD, Surgical Fellow', 'Available'),
('Rashid', 'Al-Shaibani', 'LIC014', 'Emergency', 5, 'rashid.shaibani@hospital.com', '050-4444444', 6, 'MD, Emergency Medicine', 'Available'),
('Hana', 'Al-Naqbi', 'LIC015', 'Psychiatry', 7, 'hana.naqbi@hospital.com', '050-5555555', 5, 'MD, Psychiatry Resident', 'Available'),
('Karim', 'Al-Suwaidi', 'LIC016', 'Radiology', 8, 'karim.suwaidi@hospital.com', '050-6666666', 9, 'MD, Radiologist', 'Available'),
('Dina', 'Al-Mutawa', 'LIC017', 'Neurology', 4, 'dina.mutawa@hospital.com', '050-7777777', 11, 'MD, Neurology Specialist', 'Available'),
('Amira', 'Al-Kaabi', 'LIC018', 'Pediatrics', 2, 'amira.kaabi@hospital.com', '050-8888888', 6, 'MD, Pediatrician', 'Available'),
('Faisal', 'Al-Mansoori', 'LIC019', 'Cardiology', 1, 'faisal.mansoori@hospital.com', '050-9999999', 14, 'MD, Cardiac Surgeon', 'Available'),
('Layla', 'Al-Qasimi', 'LIC020', 'Surgery', 6, 'layla.qasimi@hospital.com', '050-0000000', 13, 'MD, General Surgery', 'Available');

-- Insert Patients (50 patients)
INSERT INTO Patients (FirstName, LastName, DateOfBirth, Gender, BloodType, Email, Phone, Address, EmergencyContact, PreexistingConditions, Allergies, InsuranceProvider, InsurancePolicyNumber) VALUES
('Ahmed', 'Hassan', '1980-03-15', 'Male', 'O+', 'ahmed.patient@example.com', '050-1010101', 'Dubai, UAE', '050-2020202', 'Hypertension', 'Penicillin', 'InsureCorp', 'POL-2024-001'),
('Fatima', 'Al-Mansouri', '1975-06-22', 'Female', 'A+', 'fatima.patient@example.com', '050-3030303', 'Abu Dhabi, UAE', '050-4040404', 'Diabetes', 'None', 'HealthPlus', 'POL-2024-002'),
('Mohammed', 'Al-Mazrouei', '1988-01-10', 'Male', 'B+', 'mohammed.patient@example.com', '050-5050505', 'Sharjah, UAE', '050-6060606', 'None', 'Aspirin', 'GoldHealth', 'POL-2024-003'),
('Leila', 'Al-Dosari', '1992-09-18', 'Female', 'AB+', 'leila.patient@example.com', '050-7070707', 'Ajman, UAE', '050-8080808', 'Thyroid Disorder', 'None', 'InsureCorp', 'POL-2024-004'),
('Omar', 'Al-Kaabi', '1970-11-25', 'Male', 'O-', 'omar.patient@example.com', '050-9090909', 'Dubai Marina, UAE', '050-1010101', 'Heart Disease', 'Sulfa', 'HealthPlus', 'POL-2024-005'),
('Aisha', 'Al-Ansari', '1983-04-12', 'Female', 'B-', 'aisha.patient@example.com', '050-1111101', 'Deira, UAE', '050-1212121', 'Asthma', 'Latex', 'GoldHealth', 'POL-2024-006'),
('Khalid', 'Al-Mansoori', '1995-07-30', 'Male', 'A-', 'khalid.patient@example.com', '050-1313131', 'JBR, UAE', '050-1414141', 'None', 'None', 'InsureCorp', 'POL-2024-007'),
('Hana', 'Al-Zaabi', '1987-02-14', 'Female', 'O+', 'hana.patient@example.com', '050-1515151', 'Downtown, UAE', '050-1616161', 'Allergic Rhinitis', 'Peanuts', 'HealthPlus', 'POL-2024-008'),
('Rashid', 'Al-Dhaheri', '1978-08-20', 'Male', 'AB-', 'rashid.patient@example.com', '050-1717171', 'Palm Jumeirah, UAE', '050-1818181', 'Cholesterol', 'None', 'GoldHealth', 'POL-2024-009'),
('Samira', 'Al-Marwahi', '1991-05-08', 'Female', 'O+', 'samira.patient@example.com', '050-1919191', 'Dubai Hills, UAE', '050-2020202', 'Celiac Disease', 'Gluten', 'InsureCorp', 'POL-2024-010'),
('Hassan', 'Al-Bayan', '1985-10-17', 'Male', 'B+', 'hassan.patient@example.com', '050-2121212', 'Umm Suqeim, UAE', '050-2222222', 'None', 'Iodine', 'HealthPlus', 'POL-2024-011'),
('Noor', 'Al-Shehhi', '1990-12-03', 'Female', 'A+', 'noor.patient@example.com', '050-2323232', 'Business Bay, UAE', '050-2424242', 'PCOS', 'None', 'GoldHealth', 'POL-2024-012'),
('Jamal', 'Al-Mansoori', '1982-06-25', 'Male', 'O+', 'jamal.patient@example.com', '050-2525252', 'Emirates Hills, UAE', '050-2626262', 'Gout', 'NSAIDs', 'InsureCorp', 'POL-2024-013'),
('Mariam', 'Al-Suwaidi', '1994-03-11', 'Female', 'AB+', 'mariam.patient@example.com', '050-2727272', 'The Walk, UAE', '050-2828282', 'None', 'None', 'HealthPlus', 'POL-2024-014'),
('Karim', 'Al-Qasimi', '1988-09-29', 'Male', 'B-', 'karim.patient@example.com', '050-2929292', 'Bluewaters, UAE', '050-3030303', 'Sleep Apnea', 'Eggs', 'GoldHealth', 'POL-2024-015'),
('Dina', 'Al-Naqbi', '1986-11-07', 'Female', 'O-', 'dina.patient@example.com', '050-3131313', 'Arabian Ranches, UAE', '050-3232323', 'Migraine', 'Sulfa', 'InsureCorp', 'POL-2024-016'),
('Faisal', 'Al-Mazrouei', '1979-04-21', 'Male', 'A+', 'faisal.patient@example.com', '050-3333333', 'Dubai Creek Harbor, UAE', '050-3434343', 'Hypertension, Diabetes', 'None', 'HealthPlus', 'POL-2024-017'),
('Amira', 'Al-Ansari', '1993-08-16', 'Female', 'AB-', 'amira.patient@example.com', '050-3535353', 'Jumeirah Village, UAE', '050-3636363', 'None', 'Peanuts, Tree nuts', 'GoldHealth', 'POL-2024-018'),
('Samir', 'Al-Harbi', '1981-01-28', 'Male', 'O+', 'samir.patient@example.com', '050-3737373', 'Al Baraka Residence, UAE', '050-3838383', 'Osteoporosis', 'None', 'InsureCorp', 'POL-2024-019'),
('Zainab', 'Al-Shehhi', '1989-07-09', 'Female', 'B+', 'zainab.patient@example.com', '050-3939393', 'Madinat Zayed, UAE', '050-4040404', 'Thyroid', 'Contrast dye', 'HealthPlus', 'POL-2024-020'),
('Ali', 'Al-Kaabi', '1976-02-13', 'Male', 'A-', 'ali.patient@example.com', '050-4141414', 'Dubai marina Yacht Club, UAE', '050-4242424', 'Kidney Disease', 'None', 'GoldHealth', 'POL-2024-021'),
('Layla', 'Al-Mansoori', '1984-05-30', 'Female', 'O+', 'layla.patient@example.com', '050-4343434', 'Motor City, UAE', '050-4444444', 'None', 'Aspirin', 'InsureCorp', 'POL-2024-022'),
('Yousef', 'Al-Qasimi', '1997-10-14', 'Male', 'AB+', 'yousef.patient@example.com', '050-4545454', 'Dubai Sports City, UAE', '050-4646464', 'None', 'None', 'HealthPlus', 'POL-2024-023'),
('Sara', 'Al-Dhaheri', '1991-12-22', 'Female', 'B-', 'sara.patient@example.com', '050-4747474', 'The Greens, UAE', '050-4848484', 'Anxiety Disorder', 'Benzodiazepines', 'GoldHealth', 'POL-2024-024'),
('Ibrahim', 'Al-Marwahi', '1980-06-08', 'Male', 'O+', 'ibrahim.patient@example.com', '050-4949494', 'Dubai Land, UAE', '050-5050505', 'Hypertension', 'None', 'InsureCorp', 'POL-2024-025'),
('Haya', 'Al-Bayan', '1988-03-20', 'Female', 'A+', 'haya.patient@example.com', '050-5151515', 'Al Furjan, UAE', '050-5252525', 'Depression', 'SSRIs', 'HealthPlus', 'POL-2024-026'),
('Sami', 'Al-Shehhi', '1983-09-11', 'Male', 'AB-', 'sami.patient@example.com', '050-5353535', 'Damac Hills, UAE', '050-5454545', 'COPD', 'Smoking allergen', 'GoldHealth', 'POL-2024-027'),
('Rana', 'Al-Suwaidi', '1992-04-27', 'Female', 'B+', 'rana.patient@example.com', '050-5555555', 'Arabian Ranches 2, UAE', '050-5656565', 'None', 'None', 'InsureCorp', 'POL-2024-028'),
('Adel', 'Al-Naqbi', '1975-08-05', 'Male', 'O-', 'adel.patient@example.com', '050-5757575', 'Mira Oasis, UAE', '050-5858585', 'Heart Failure', 'Beta-blockers', 'HealthPlus', 'POL-2024-029'),
('Huda', 'Al-Zaabi', '1990-11-18', 'Female', 'A-', 'huda.patient@example.com', '050-5959595', 'Azaiba, Oman', '050-6060606', 'Vitamin B12 Deficiency', 'None', 'GoldHealth', 'POL-2024-030'),
('Tariq', 'Al-Ansari', '1987-01-02', 'Male', 'O+', 'tariq.patient@example.com', '050-6161616', 'Muscat, Oman', '050-6262626', 'None', 'Penicillin', 'InsureCorp', 'POL-2024-031'),
('Yasmin', 'Al-Mansoori', '1994-07-15', 'Female', 'AB+', 'yasmin.patient@example.com', '050-6363636', 'Riyadh, KSA', '050-6464646', 'Endometriosis', 'Codeine', 'HealthPlus', 'POL-2024-032'),
('Mansour', 'Al-Hashmi', '1981-10-09', 'Male', 'B-', 'mansour.patient@example.com', '050-6565656', 'Jeddah, KSA', '050-6666666', 'Hypertension', 'None', 'GoldHealth', 'POL-2024-033'),
('Nadia', 'Al-Dhaheri', '1986-12-31', 'Female', 'O+', 'nadia.patient@example.com', '050-6767676', 'Cairo, Egypt', '050-6868686', 'Anemia', 'Iron supplements', 'InsureCorp', 'POL-2024-034'),
('Walid', 'Al-Qasimi', '1979-05-19', 'Male', 'A+', 'walid.patient@example.com', '050-6969696', 'Alexandria, Egypt', '050-7070707', 'Diabetes Type 2', 'None', 'HealthPlus', 'POL-2024-035'),
('Iman', 'Al-Kaabi', '1993-09-06', 'Female', 'AB-', 'iman.patient@example.com', '050-7171717', 'Beirut, Lebanon', '050-7272727', 'None', 'Shellfish', 'GoldHealth', 'POL-2024-036'),
('Hazem', 'Al-Shehhi', '1988-02-23', 'Male', 'O-', 'hazem.patient@example.com', '050-7373737', 'Amman, Jordan', '050-7474747', 'Lupus', 'NSAIDs', 'InsureCorp', 'POL-2024-037'),
('Leena', 'Al-Marwahi', '1995-06-14', 'Female', 'B+', 'leena.patient@example.com', '050-7575757', 'Kuwait City, Kuwait', '050-7676767', 'Urticaria', 'Antihistamines', 'HealthPlus', 'POL-2024-038'),
('Kamal', 'Al-Bayan', '1982-08-26', 'Male', 'O+', 'kamal.patient@example.com', '050-7777777', 'Manama, Bahrain', '050-7878787', 'BPH', 'None', 'GoldHealth', 'POL-2024-039'),
('Rida', 'Al-Naqbi', '1989-04-08', 'Female', 'A-', 'rida.patient@example.com', '050-7979797', 'Doha, Qatar', '050-8080808', 'Fibromyalgia', 'Tramadol', 'InsureCorp', 'POL-2024-040'),
('Jalal', 'Al-Ansari', '1976-10-21', 'Male', 'AB+', 'jalal.patient@example.com', '050-8181818', 'Male, Maldives', '050-8282828', 'Atrial Fibrillation', 'Warfarin', 'HealthPlus', 'POL-2024-041'),
('Mona', 'Al-Suwaidi', '1993-03-17', 'Female', 'B-', 'mona.patient@example.com', '050-8383838', 'Colombo, Sri Lanka', '050-8484848', 'Polycystic Kidney Disease', 'None', 'GoldHealth', 'POL-2024-042'),
('Zakaria', 'Al-Dhaheri', '1984-11-12', 'Male', 'O+', 'zakaria.patient@example.com', '050-8585858', 'Bangkok, Thailand', '050-8686868', 'Hepatitis C', 'Direct acting antivirals', 'InsureCorp', 'POL-2024-043'),
('Nisrin', 'Al-Zaabi', '1990-09-24', 'Female', 'A+', 'nisrin.patient@example.com', '050-8787878', 'Manila, Philippines', '050-8888888', 'Hyperthyroidism', 'Iodine', 'HealthPlus', 'POL-2024-044'),
('Saad', 'Al-Mansoori', '1981-01-30', 'Male', 'AB-', 'saad.patient@example.com', '050-8989898', 'Singapore', '050-9090909', 'Prostate Cancer', 'None', 'GoldHealth', 'POL-2024-045'),
('Hind', 'Al-Qasimi', '1992-07-05', 'Female', 'O-', 'hind.patient@example.com', '050-9191919', 'Hong Kong', '050-9292929', 'Breast Cancer (History)', 'Tamoxifen', 'InsureCorp', 'POL-2024-046'),
('Nabil', 'Al-Harbi', '1977-04-13', 'Male', 'B+', 'nabil.patient@example.com', '050-9393939', 'Tokyo, Japan', '050-9494949', 'Type 1 Diabetes', 'None', 'HealthPlus', 'POL-2024-047'),
('Perla', 'Al-Ansari', '1994-02-10', 'Female', 'O+', 'perla.patient@example.com', '050-9595959', 'Seoul, South Korea', '050-9696969', 'None', 'Latex', 'GoldHealth', 'POL-2024-048'),
('Emad', 'Al-Kaabi', '1983-06-28', 'Male', 'A-', 'emad.patient@example.com', '050-9797979', 'Mumbai, India', '050-9898989', 'Tuberculosis (History)', 'None', 'InsureCorp', 'POL-2024-049'),
('Zahra', 'Al-Shehhi', '1988-10-07', 'Female', 'AB+', 'zahra.patient@example.com', '050-9999999', 'New Delhi, India', '050-0000000', 'Vitamin D Deficiency', 'Supplements', 'HealthPlus', 'POL-2024-050');

-- Insert Lab Tests (25 different lab tests)
INSERT INTO LabTests (TestName, TestCode, NormalRangeMin, NormalRangeMax, Unit, Description) VALUES
('White Blood Cell Count', 'WBC', 4.5, 11.0, 'K/uL', 'Infection and immune system indicator'),
('Red Blood Cell Count', 'RBC', 4.5, 5.5, 'M/uL', 'Oxygen carrying capacity of blood'),
('Hemoglobin', 'HGB', 13.5, 17.5, 'g/dL', 'Oxygen binding protein in RBCs'),
('Hematocrit', 'HCT', 40, 54, '%', 'Percentage of RBCs in blood'),
('Platelet Count', 'PLT', 150, 400, 'K/uL', 'Blood clotting capability'),
('Fasting Glucose', 'GLU', 70, 100, 'mg/dL', 'Blood sugar level after fasting'),
('Glycated Hemoglobin', 'HbA1C', 0, 5.7, '%', 'Long-term glucose control'),
('Total Cholesterol', 'CHOL', 0, 200, 'mg/dL', 'Overall cholesterol level'),
('LDL Cholesterol', 'LDL', 0, 100, 'mg/dL', 'Bad cholesterol'),
('HDL Cholesterol', 'HDL', 40, 999, 'mg/dL', 'Good cholesterol'),
('Triglycerides', 'TRIG', 0, 150, 'mg/dL', 'Fat in blood'),
('Creatinine', 'CREAT', 0.6, 1.2, 'mg/dL', 'Kidney function indicator'),
('Blood Urea Nitrogen', 'BUN', 7, 20, 'mg/dL', 'Kidney function indicator'),
('Sodium', 'NA', 135, 145, 'mEq/L', 'Electrolyte balance'),
('Potassium', 'K', 3.5, 5.0, 'mEq/L', 'Electrolyte balance'),
('Calcium', 'CA', 8.5, 10.2, 'mg/dL', 'Bone health and nerve function'),
('Phosphorus', 'PHOS', 2.5, 4.5, 'mg/dL', 'Bone and energy metabolism'),
('ALT (Alanine Aminotransferase)', 'ALT', 7, 56, 'U/L', 'Liver function'),
('AST (Aspartate Aminotransferase)', 'AST', 10, 40, 'U/L', 'Liver and heart function'),
('Alkaline Phosphatase', 'ALP', 30, 120, 'U/L', 'Liver and bone health'),
('Total Bilirubin', 'TBIL', 0.1, 1.2, 'mg/dL', 'Liver function'),
('Albumin', 'ALB', 3.5, 5.0, 'g/dL', 'Protein level in blood'),
('Total Protein', 'TP', 6.0, 8.3, 'g/dL', 'Overall protein level'),
('Thyroid Stimulating Hormone', 'TSH', 0.4, 4.0, 'mIU/L', 'Thyroid function'),
('Prostate Specific Antigen', 'PSA', 0, 4.0, 'ng/mL', 'Prostate health indicator');

-- Insert Lab Results (100+ results across patients)
INSERT INTO LabResults (PatientID, LabTestID, TestValue, Status, ResultDate) VALUES
-- Patient 1 (Ahmed Hassan)
(1, 1, 5.8, 'Normal', '2026-03-15 09:00:00'),
(1, 3, 14.2, 'Normal', '2026-03-15 09:00:00'),
(1, 6, 115, 'Abnormal', '2026-03-15 09:30:00'),
(1, 7, 6.8, 'Abnormal', '2026-03-15 09:30:00'),
(1, 8, 240, 'Abnormal', '2026-03-15 10:00:00'),
(1, 9, 160, 'Abnormal', '2026-03-15 10:00:00'),
(1, 12, 1.1, 'Normal', '2026-03-15 10:30:00'),
(1, 13, 18, 'Normal', '2026-03-15 10:30:00'),
-- Patient 2 (Fatima Al-Mansouri)
(2, 1, 6.2, 'Normal', '2026-03-14 08:00:00'),
(2, 3, 12.8, 'Normal', '2026-03-14 08:00:00'),
(2, 4, 42, 'Normal', '2026-03-14 08:00:00'),
(2, 6, 98, 'Normal', '2026-03-14 09:00:00'),
(2, 8, 195, 'Normal', '2026-03-14 09:00:00'),
(2, 10, 52, 'Normal', '2026-03-14 09:30:00'),
(2, 12, 0.9, 'Normal', '2026-03-14 10:00:00'),
(2, 13, 12, 'Normal', '2026-03-14 10:00:00'),
-- Patient 3 (Mohammed Al-Mazrouei)
(3, 1, 5.1, 'Normal', '2026-03-13 10:00:00'),
(3, 3, 15.5, 'Normal', '2026-03-13 10:00:00'),
(3, 5, 210, 'Normal', '2026-03-13 10:30:00'),
(3, 6, 105, 'Abnormal', '2026-03-13 11:00:00'),
(3, 8, 220, 'Abnormal', '2026-03-13 11:00:00'),
(3, 6, 110, 'Abnormal', '2026-03-13 11:30:00'),
(3, 12, 1.0, 'Normal', '2026-03-13 12:00:00'),
(3, 13, 15, 'Normal', '2026-03-13 12:00:00'),
-- Patient 4 (Leila Al-Dosari)
(4, 1, 4.8, 'Normal', '2026-03-12 07:00:00'),
(4, 3, 13.2, 'Normal', '2026-03-12 07:00:00'),
(4, 4, 41, 'Normal', '2026-03-12 07:30:00'),
(4, 6, 92, 'Normal', '2026-03-12 08:00:00'),
(4, 8, 185, 'Normal', '2026-03-12 08:00:00'),
(4, 10, 58, 'Normal', '2026-03-12 08:30:00'),
(4, 24, 2.1, 'Normal', '2026-03-12 09:00:00'),
(4, 12, 0.95, 'Normal', '2026-03-12 09:00:00'),
-- Patient 5 (Omar Al-Kaabi)
(5, 1, 7.2, 'Normal', '2026-03-11 06:00:00'),
(5, 3, 16.5, 'Normal', '2026-03-11 06:00:00'),
(5, 4, 50, 'Normal', '2026-03-11 06:30:00'),
(5, 6, 125, 'Abnormal', '2026-03-11 07:00:00'),
(5, 8, 255, 'Abnormal', '2026-03-11 07:00:00'),
(5, 9, 180, 'Abnormal', '2026-03-11 07:30:00'),
(5, 11, 180, 'Abnormal', '2026-03-11 07:30:00'),
(5, 12, 1.3, 'Abnormal', '2026-03-11 08:00:00'),
-- Additional patients with varied results
(6, 1, 5.5, 'Normal', '2026-03-10 11:00:00'),
(6, 6, 88, 'Normal', '2026-03-10 11:30:00'),
(6, 8, 175, 'Normal', '2026-03-10 12:00:00'),
(7, 1, 6.8, 'Normal', '2026-03-09 12:00:00'),
(7, 6, 145, 'Abnormal', '2026-03-09 12:30:00'),
(7, 7, 7.2, 'Abnormal', '2026-03-09 12:30:00'),
(8, 1, 4.9, 'Normal', '2026-03-08 13:00:00'),
(8, 6, 78, 'Normal', '2026-03-08 13:30:00'),
(8, 8, 168, 'Normal', '2026-03-08 14:00:00'),
(9, 1, 7.5, 'Normal', '2026-03-07 14:00:00'),
(9, 6, 165, 'Abnormal', '2026-03-07 14:30:00'),
(9, 12, 2.8, 'Abnormal', '2026-03-07 15:00:00'),
(10, 1, 5.2, 'Normal', '2026-03-06 15:00:00'),
(10, 6, 95, 'Normal', '2026-03-06 15:30:00'),
(10, 8, 182, 'Normal', '2026-03-06 16:00:00'),
(11, 1, 6.1, 'Normal', '2026-03-05 16:00:00'),
(11, 3, 14.8, 'Normal', '2026-03-05 16:00:00'),
(11, 6, 110, 'Abnormal', '2026-03-05 16:30:00'),
(12, 1, 5.3, 'Normal', '2026-03-04 17:00:00'),
(12, 6, 88, 'Normal', '2026-03-04 17:30:00'),
(12, 24, 1.8, 'Normal', '2026-03-04 18:00:00'),
(13, 1, 7.8, 'Normal', '2026-03-03 09:00:00'),
(13, 6, 135, 'Abnormal', '2026-03-03 09:30:00'),
(13, 8, 210, 'Abnormal', '2026-03-03 10:00:00'),
(14, 1, 5.0, 'Normal', '2026-03-02 10:00:00'),
(14, 6, 82, 'Normal', '2026-03-02 10:30:00'),
(15, 1, 6.4, 'Normal', '2026-03-01 11:00:00'),
(15, 6, 125, 'Abnormal', '2026-03-01 11:30:00'),
(15, 12, 1.15, 'Normal', '2026-03-01 12:00:00'),
(16, 1, 5.6, 'Normal', '2026-02-28 12:00:00'),
(16, 6, 105, 'Abnormal', '2026-02-28 12:30:00'),
(16, 8, 195, 'Normal', '2026-02-28 13:00:00'),
(17, 1, 7.1, 'Normal', '2026-02-27 13:00:00'),
(17, 6, 140, 'Abnormal', '2026-02-27 13:30:00'),
(17, 7, 6.9, 'Abnormal', '2026-02-27 14:00:00'),
(18, 1, 4.7, 'Normal', '2026-02-26 14:00:00'),
(18, 6, 75, 'Normal', '2026-02-26 14:30:00'),
(19, 1, 6.9, 'Normal', '2026-02-25 15:00:00'),
(19, 6, 155, 'Abnormal', '2026-02-25 15:30:00'),
(19, 12, 2.4, 'Abnormal', '2026-02-25 16:00:00'),
(20, 1, 5.4, 'Normal', '2026-02-24 16:00:00'),
(20, 6, 92, 'Normal', '2026-02-24 16:30:00'),
(21, 1, 6.3, 'Normal', '2026-02-23 09:00:00'),
(21, 6, 118, 'Abnormal', '2026-02-23 09:30:00'),
(22, 1, 5.1, 'Normal', '2026-02-22 10:00:00'),
(22, 6, 88, 'Normal', '2026-02-22 10:30:00'),
(23, 1, 7.4, 'Normal', '2026-02-21 11:00:00'),
(23, 6, 142, 'Abnormal', '2026-02-21 11:30:00'),
(24, 1, 5.9, 'Normal', '2026-02-20 12:00:00'),
(24, 6, 98, 'Normal', '2026-02-20 12:30:00'),
(25, 1, 6.6, 'Normal', '2026-02-19 13:00:00'),
(25, 6, 128, 'Abnormal', '2026-02-19 13:30:00');
